id;name;address;branch;brnach_code;email;image_url;contact_no;last_modified;last_modified_by
1;Isle;benchmark;Loan payment;transparent Rue;Arvid23@hotmail.com;Representative;teal reboot invoice;2021-12-07;Berkshire optical Integrated
2;Steel Corporate enable;Automotive;Martinique Quality e-markets;Central standardization;Antonietta_Stiedemann66@hotmail.com;withdrawal;deposit;2021-12-07;standardization Borders Awesome
3;District Graphic;next-generation viral;Concrete Synergized;Central Investment Extensions;Annalise.Gaylord86@gmail.com;Bacon architectures;invoice Borders composite;2021-12-08;Shoes maroon
4;Gorgeous Fantastic;matrix Azerbaijanian plug-and-play;Montserrat redundant monetize;payment Glen;Jettie.Kuvalis14@yahoo.com;bricks-and-clicks unleash;optical Account;2021-12-07;Gorgeous mobile bleeding-edge
5;interface Chips;target Assimilated blue;Buckinghamshire navigate;Avon;Audrey.Macejkovic@hotmail.com;District Personal Paradigm;Soap invoice quantifying;2021-12-08;program
6;Shirt;Tunisian green streamline;Tasty responsive;Generic content-based;Gretchen_Smitham@yahoo.com;Account;Granite;2021-12-08;Metal
7;Gabon;web;deposit program Gorgeous;Bedfordshire killer input;Sibyl41@gmail.com;Rubber;Tunnel;2021-12-08;drive
8;cyan multi-byte transmitter;Up-sized;asynchronous;Integrated;Rosa41@yahoo.com;systems;generating Progressive;2021-12-07;driver
9;Account Bedfordshire methodologies;copying Internal;Sandwich hardware;Corners;Bill_Orn@hotmail.com;Gateway pixel services;compelling Home convergence;2021-12-08;Delaware Cyprus Idaho
10;tolerance non-volatile;RAM Naira Account;Account bypassing;Account;Adela2@hotmail.com;Salad Guadeloupe;Legacy Future;2021-12-08;Fresh
