id;name;age;relation;contact_no;last_modified;last_modified_by
1;90943;35814;asymmetric Response;12672;2022-01-01T21:12:27;Shoes California holistic
2;53748;24731;Buckinghamshire bandwidth-monitored;45081;2022-01-02T13:30:59;purple
3;50495;77704;Avon;57873;2022-01-02T08:52:52;facilitate Optimization
4;17760;11813;Australia;58361;2022-01-01T18:02:25;Creative
5;12467;62645;Estate;69341;2022-01-02T10:26:36;Stream Niue circuit
6;47359;4107;Automotive payment;88466;2022-01-01T17:24:49;withdrawal Handcrafted
7;43861;16281;User-friendly;97537;2022-01-02T11:30:41;Research
8;36503;99791;Lake bandwidth monitor;75252;2022-01-01T19:35:53;green Future Keyboard
9;18764;89222;Mouse logistical Specialist;85295;2022-01-02T09:58:02;Cedi cross-platform
10;53450;55938;Garden Granite;56686;2022-01-02T01:21:29;Fresh Granite Metal
