id;name;relation;nominee_percentage;contact_no;last_modified;last_modified_by
1;13537;Flat;49708;63366;2021-12-08;engage
2;83917;Savings;24735;66747;2021-12-07;Small Cotton
3;89480;Dollar Cayman;56128;13154;2021-12-07;Unbranded pixel
4;57244;driver tan circuit;46098;89843;2021-12-07;Seamless reboot Refined
5;71791;matrix;92203;3123;2021-12-07;Security Granite
6;29026;compressing revolutionize hacking;86308;53861;2021-12-07;mint
7;83213;hacking withdrawal (Keeling);53810;42275;2021-12-07;navigate
8;72374;Generic iterate Drive;9673;82205;2021-12-08;CSS Loop Senior
9;32425;utilize metrics Dynamic;3931;11892;2021-12-07;hacking Refined Valleys
10;74724;firmware;68228;69759;2021-12-08;ADP Auto Interactions
