id;name;type;last_modified;last_modified_by
1;61901;CC;2022-01-02T04:05:11;Hat
2;28778;HEATH;2022-01-01T09:56:25;bypassing Soft workforce
3;93748;HEATH;2022-01-01T15:50:10;Analyst
4;19790;VEHICAL;2022-01-02T06:40:51;Buckinghamshire
5;60808;HEATH;2022-01-02T04:21:41;Aruban
6;29656;HEATH;2022-01-01T23:40:41;Afghani
7;60496;VARIENT;2022-01-02T06:01:35;Practical benchmark
8;43205;HEATH;2022-01-02T04:26:40;Dinar Versatile ROI
9;19701;VARIENT;2022-01-01T21:13:07;pixel Account
10;36266;HEATH;2022-01-02T07:19:31;Ergonomic
