id;name;plan_no;uin_no;last_modified;last_modified_by
1;Steel;31485;calculating cross-platform Principal;2021-12-08T06:32:44;wireless Handmade
2;Dynamic Pound withdrawal;88209;Unbranded Soap;2021-12-07T23:49:42;navigating Michigan
3;Infrastructure;91058;compressing withdrawal green;2021-12-07T22:05:31;Gloves Drive
4;Small digital Oklahoma;37638;throughput;2021-12-08T03:51:47;mobile Vermont auxiliary
5;COM Implementation Awesome;52784;Prairie;2021-12-08T11:28:26;CSS Bike
6;Tunnel;5902;black;2021-12-07T21:44:00;Cheese Renminbi
7;Consultant online;80952;open-source;2021-12-08T10:51:23;efficient
8;mobile metrics;95618;Data;2021-12-07T20:20:58;grey solution
9;Massachusetts Ergonomic Ergonomic;5859;deposit;2021-12-08T04:48:53;Consultant Automotive
10;Operations Chicken;61811;Mobility Arkansas Kids;2021-12-07T17:42:20;Global Industrial Concrete
