id;name;description;last_modified;last_modified_by
1;open-source Chief digital;optical port;2021-12-08;programming Implementation Spurs
2;Avon Executive;open-source Vermont;2021-12-08;up Place Technician
3;Rubber Dinar;Consultant Group Money;2021-12-07;Heights
4;red;Loan Incredible Technician;2021-12-08;methodology RSS
5;Saint feed connecting;Plain Account Direct;2021-12-07;toolset Avon Mauritius
6;mobile deposit;online;2021-12-07;Infrastructure Borders withdrawal
7;GB Account;calculate;2021-12-08;infrastructures
8;Automotive Pants;payment deposit;2021-12-08;Markets Group
9;virtual deposit;Rica Botswana programming;2021-12-08;Table
10;hack;Manager up Technician;2021-12-08;invoice
