id;name;last_modified;last_modified_by
1;Accountability Salad;2021-12-08T04:28:19;Alabama Shoes Multi-lateral
2;withdrawal Shilling;2021-12-07T23:44:38;national
3;cross-platform orchestration Markets;2021-12-08T06:37:59;Illinois
4;Soap auxiliary mindshare;2021-12-07T23:09:21;Lebanese
5;navigate Implementation Jewelery;2021-12-07T20:28:44;Analyst compress system
6;ivory grey Pound;2021-12-08T11:45:06;Antilles Gambia
7;Distributed;2021-12-08T08:41:03;Refined expedite Concrete
8;Lari withdrawal;2021-12-07T18:41:24;Frozen Junctions Towels
9;Soft;2021-12-07T21:09:46;Future
10;architectures Account Fantastic;2021-12-07T17:51:09;Seychelles Synchronised Central
